﻿네이버 법률 카페 관리 스탭 채용공고,"시급 | 8,590원 ~ 8,590원",비정규 | 주5일,09:00 ~ 18:00,"담당업무 :  [네이버 생활 법률 정보 카페 운영 및 관리] - 성범죄/마약범죄 관련 사건, 사례 게시글 작성 - 회원 질의 및 질문성 게시글에 댓글, ...",경력10년 | 학력무관 | 서울특별시 강서구 마곡중앙8로1길
(고양시 원흥동)건물 관리소장 모집,월급 | 300만원 ~ 300만원,비정규 | 주5일,,"담당업무 :  (고양시 원흥동)건물관리 업무 - 월300만원 - 09:00~18:00(월~금) - 지원조건(필수): 전기기사(1,750kw이상), 해당직무(빌딩) ...",경력2년 | 고졸 | ~ 석사 경기도
오피스텔 관리소장 채용,월급 | 220만원 이상,정규 | 주5일,09:00 ~ 18:00,"담당업무 :  오피스텔 건물 관리/전반적인 총괄 업무 소방2급, 승강기 교육 수료 필수",경력1년 | 고졸 | ~ 대졸(4년) 경상남도
아파트관리소장님 모집,월급 | 280만원 ~ 280만원,시간 | (단기),09:00 ~ 18:00,담당업무 :  -근무지: 시민로 24(84세대) -조 건: 09:00-18:00 -월급여: 월280 -필수사항: 전기산업기사(선임가능자),경력무관 | 학력무관 | 경기도 의정부시 시민로
순창온리뷰 아파트 관리소장(경리업무 겸직) 구합니다,월급 | 295만원 이상,정규 | 주5일,09:00 ~ 18:00,담당업무 :  순창온리뷰 아파트관리소장 구합니다.(경리업무 겸직) 165세대,경력1년 | 고졸 | ~ 대졸(4년) 전라북도
건물관리소장 모집( 방화관리사 자격증 소지),월급 | 130만원 이상,시간 | (단기),,담당업무 :  -6층 빌딩 경비 및 관리(방화관리사 자격증 필수) -간단한 문서작성 가능한 자만 지원,경력무관 | 학력무관 | 서울특별시 노원구 노해로
건물관리소장 구인,월급 | 225만원 이상,비정규 | 주5일,09:00 ~ 18:00,담당업무 :  건물 관리소장 전반적인 업무 * 소방안전 1급소지자 * 경력 1년이상 희망,경력1년 | 학력무관 | 경상남도 창원시 의창구
"산정랜드 놀이기구 운영, 안전관리 및 시설관리원 모집","시급 | 8,590원 이상",정규 | 주6일,,담당업무 :  산정호수에 위치한 놀이동산입니다. 놀이기구 운영을 도와주는 (서비스 업무+놀이기구 안전관리+ 시설관리 업무 ) 놀이기구 운영을 위...,경력무관 | 학력무관 | 경기도 포천시 영북면
[용인시일자리박람회 10/21(수) 참여업체] ㈜대한후렉시블_연구소장 모집,"연봉 | 3,000만원 이상",정규 | 주5일,09:00 ~ 18:00,담당업무 :  ❍ 일 시 : 2020. 10. 21.(수) 12:00 ~ 17:00 ❍ 장 소 : 용인미르스타디움(경전철 삼가역) - 면접을 희망하시는 분은 이력서...,경력10년 | 대졸(4년) | ~ 박사 경기도
